id,name
299,"2 B Rych"
300,"!It Jeans"
14,"212 Collection"
301,"3.1 Philip Lim"
302,"45 RPM"
303,"525 America"
11,"7 For All Mankind"
47,"A Byer"
304,"A.B.S. by Allen Schwartz"
305,"AA Studio"
45,"AB Studio"
44,"Abercromble & Fitch"
133,"Alice + Olivia"
30,"America Rag"
23,Annthropologie
306,"Abercrombie &amp; Fitch"
307,Acorn
308,"Adela Fado"
43,Adidas
309,"Adidas (Tops only)"
310,"Adidas by Stella McCartney"
311,Adiva
312,Adolfo
313,"Adrianna Papell"
42,"Adriano Goldschmied"
314,"Adrienne Landau"
315,"Adrienne Vittadini"
41,Aerie
40,Aeropostale
316,Aerosoles
317,Afflication
318,"Agatha Brown"
39,AGB
319,"Agnes B"
320,"Aidan Mattox"
321,Airstep
322,Akris
323,"Akris Punto"
324,Alaia
325,"Albert Nipon"
326,"Albert Weiss"
327,"Alberta Ferretti"
328,"Alberto Makali"
329,Aldo
330,"Alice by Temperly"
331,"Alessandro Dell'acqua"
332,"Alex &amp; Ani"
333,"Alex &amp; Ava"
334,"Alex &amp; Kelly"
335,"Alex Cannon"
336,"Alex Gaines"
337,"Alex Wang"
338,"Alexander Birman"
38,"Alexander McQueen"
37,"Alexander Wang"
339,"Alexia Admor"
340,Alexis
341,"Alexis Bittar"
342,"Alexis Hudson"
69,"Alexis Taylor"
101,Alfani
343,"Alfred Dunhill"
344,"Alfred Dunhill"
345,"Alfred Dunner"
346,"Ali &amp; Kris"
347,"Ali &amp; Kris"
348,"Ali ro"
349,"Aliage Paris"
350,"Alice &amp; Olivia"
351,"Alice & Trixie"
352,"Alise Marie"
353,"Alisha Hill"
354,"Alison and Sasha"
355,"Alison Ayres Company"
165,"All Saints"
356,"Allegra Hicks"
357,"Allen Allen"
358,"Allen Edmonds"
359,Allihop
360,Alternative
32,"Alternative Apparel"
361,"Alto Moda Firenze"
362,"Alviero Martini"
363,"Alyn Paige"
31,"Amber Sun"
364,"American Apparel"
365,"American Eagle"
366,"American Living"
367,"American Rag"
368,"American Vintage"
369,"American West"
28,"Amour Vert"
370,"Amy Calire Andre Assous"
371,"A.N.A New Approach"
372,"Andre Oliver"
373,"Andrea Candela"
374,"Angel by thierry"
375,"Angel of the North"
376,Angelina
377,"Angeline Kingsley"
27,Angie
378,Anlo
379,AnM
380,"Ann Demuelemeester"
381,"Ann Ferriday"
382,"Ann Marino"
26,"Ann Taylor"
383,"Ann Taylor Loft"
384,"Ann Taylor Loft Lounge"
385,"Ann Taylor Loft Outlet"
386,"Ann Taylor Lounge"
387,"Ann Taylor Outlet"
388,"Anna Argidera"
25,"Anna Sui"
389,"Anne Namba"
390,"Anne Fontaine"
24,"Anne Klein"
391,"Anne Klein New York"
392,"Anni Kuan"
393,Anonmane
394,Anouk
395,Anthropologie
396,Antik
397,"Antonio Melani"
398,Anya
399,"Anya Hindmarch"
400,APC
401,Apepazza
402,Apostrophe
403,"April May"
404,"Apt 9"
405,"Apt. 9"
406,Aqua
407,Aqua
408,Arbor
409,Arche
410,"Arden B"
411,Ariat
412,Ariella
413,Arizona
414,"Ark & Co"
415,Armani
416,"Armani Collezioni"
417,"Armani Exchange"
418,"Armani Jeans"
419,Aryeh
420,"Aryn K"
421,"As U Wish"
422,"As You Wish"
423,"As You Wish"
424,ASH
425,Ashworth
426,ASOS
427,Atelier
428,Athleta
429,Attention
430,"August Silk"
431,"Austin Reed"
432,Autograph
433,"Autumn Cashmere"
434,"Auturo Chang"
435,"Auturo Chiang"
436,Avatar
437,"b + ab"
438,"B Moss"
439,"Baby Phat"
440,Bagaga;;omo
441,"Bagley Mischka"
442,"Bailey 44"
443,Balenciaga
444,Ballerina
445,Bally
446,Balmain
447,"Banana Republic"
448,Bandolino
449,"Bar II"
450,Barbour
451,"Bare Traps"
1877,"BCBG MAX AZRIA"
452,Barney's
453,"Barney's CO-OP"
454,"Barney's New York"
455,Barracuda
1878,"Behnaz Sarafpour"
456,"Basic Editions"
457,"Basic Editions"
458,Bass
459,"BB Dakota"
460,BCBG
461,BCBGeneration
462,BCBGMAXAZRIA
463,BDG
464,Beaubois
465,Bebe
466,"Behz Sarafpor"
467,BelAir
468,Beldini
469,Belford
470,"Bella Bird"
471,"Bella Bird"
472,"Ben Sherman"
473,Benardo
474,Benetton
475,"Bergdorff Goodman"
476,Bernardo
477,Bertoni
478,"Beth Bowley"
479,"Beth Schaeffer"
480,Betmar
481,"Betsey Johnson"
482,"Betsy & Adam"
483,"Bettye Muller"
484,"Beverly Feldman"
485,Bibelot
486,"Bica Cheia"
487,"Big Buddha"
488,"Big Buddha"
489,"Big Star"
490,Bijan
491,"Bill Blass"
492,Billabong
493,"Bird by Juicy Couture"
494,"Birds on a Wire"
495,Birkenstock
496,"Bisou Bisou"
497,"Bisou Bisou"
498,Bitten
499,"Bitten by Sarah Jessica parker"
500,"Black and Brown"
501,"Black Hearts"
502,Blancos
503,"Blank NYC"
504,Bloch
505,Bloomingdale's
506,Blowfish
507,"Blue Bird"
508,"Blue Bird"
509,"Blue Cult"
510,"Blue cult"
511,"Blue Duck"
512,"Blue Epic"
513,"Blue Marlin"
514,Blumarine
515,"Bob Mackie"
516,Bobeau
517,BOC
518,Boden
519,"Body Language"
520,Bogari
521,Bolaro
522,BONGO
523,Bongo
524,Bordeaux
525,Born
526,"Boss Black"
527,"Boston Proper"
528,Botkier
529,"Bottega Veneta"
530,"Boutique 9"
531,"BP by Nordstrom"
532,Brahmin
533,"Brian Atwood"
534,"Brian Reyes"
535,Brighton
536,Brioni
537,"Broadway and Broome by Madewell"
538,"Brooke Leigh"
539,"Brooke Leigh"
540,"Brooklyn Industries"
541,Brooks
542,"Brooks Brothers"
543,"Bruno Magli"
544,"Bryn Keith"
545,"Bryn Walker"
546,"Bubba Golf"
547,Buffalo
548,Bulgari
549,Bulls
550,Bulova
551,Burberry
552,"Burberry Brit"
553,"Burberry London"
554,"Burberry Prorsum"
555,"Burning Torch"
556,byCorpus
557,"C. Keer"
558,C&C
559,Cabi
560,Cacharel
561,Cache
562,"Calvin Klein"
563,"Calvin Klein Collection"
564,"Calvin Klein Jeans"
565,"Calvin Klein Performance (Tops only)"
566,Calypso
567,"Camilla Skougard"
568,Camper
569,Campus
570,Canali
571,"Canterbury of New Zealand"
572,"Canyon River"
573,"Canyon River Blues"
574,"Car Shoe"
575,Carhardt
1879,"Cecilia Prado"
576,Carhardt
577,Carina
578,Carlisle
579,"Carlos Falchi"
580,"Carmen Marc Valvo"
581,"Carole Little"
582,"Carole Little"
583,"Carolina Herrera"
584,Caron
585,Cartier
586,Cartise
587,Cartonnier
588,"Caslon by Nordstrom"
589,"Catherine Malandrino"
590,Cato
591,Cavalli
592,"CC Outlaw"
593,"CC Skye"
594,"Ceceilia Prodo"
595,Cejon
596,Celine
597,Celine
598,Cellini
599,Chacok
1880,"Chaudry Clothing"
600,Chaiken
601,Chaiken
602,Champion
603,"Chan Luu"
604,"Chan Luu"
605,"Chandi & Lia"
606,Chanel
607,"Chaps for her"
608,"Character Hero"
609,"Charles by Charles David"
610,"Charles David"
611,"Charles Jourdan"
612,"Charles Nolan"
613,"Charles Tyrwhitt"
614,"Charlie and Robin"
615,"Charlie Jade"
616,"Charlotte Ronson"
617,"Charlotte Ronson"
618,"Charlotte Russe"
619,"Charlotte Tarantola"
620,"Charter Club"
621,Chaser
622,Chaundry
623,Chaus
624,"Cheap Monday"
625,"Chelsea & Theodore"
626,"Chelsea Crew"
627,"Chelsea Flower"
628,"Chetta B"
629,Chic
630,Chicos
631,"Chip and Pepepr"
1881,"Claudia Ciuti"
632,Chloe
633,"Chloe & Therodora"
634,"Chloe K"
635,"Chocolat blu"
636,Chooka
1882,"Coincidence & Chance"
637,"Choose Domincian Republic"
638,"Chris Benz"
639,"Chris Cole"
640,"Christian Audigier"
641,"Christian Dior"
642,"Christian Lacroix"
643,"Christian Louboutin"
644,"Christian Siriano"
645,"Christiana Zinn"
646,"Christopher Blue"
647,"Cici Tash"
648,Cindy
649,"Citizens of Humanity"
650,"City Lights"
651,"CK Bradley"
652,Clarks
653,Clarks
654,"Classiques Entier by Nordstrom"
655,"Claudia Cuitti"
656,"Cleveland Clothing"
657,"Club Monaco"
658,Co-op
659,Coach
660,"Coindence &amp; Chance"
661,"Coldwater Creek"
662,"Cole Haan"
663,"Collective Concepts"
664,Columbia
665,"Comma Fashion"
666,"Comme De Garcons"
667,"Comme Des Garcons"
668,"Como Sport"
669,"Comptoir des Cotonniers"
670,"Connected Apparel"
671,"Connection 18"
672,Converse
673,"Converse One Star"
674,"Cool Attitudes"
675,Cooperative
676,Cope
677,Coquille
678,Corbin
679,Cordelia
680,Cordoni
681,"Corso Como"
682,"Cosa Bella"
683,"Costume National"
684,Covington
685,Covington
686,"Croft & Barrow"
687,"Crooked Monkey"
688,"Cross Stitch Heart"
689,Cullen
690,"Cult of Individuality"
691,Cupid
692,Cupio
693,Current/Elliott
694,"Custo Barcelona"
695,"Cynthia Max"
696,"Cynthia Rowley"
697,"Cynthia Steffe"
698,"Cynthia vincent"
699,Cyrus
700,D&G
701,"daisy fuentes"
702,"Daisy Fuentes"
703,Damsel
704,"Dan Post"
705,"Dana Buchman"
706,"Daniel Franck"
707,"Daniel Rainn"
708,Dansko
709,"Daryl K"
710,Dashlu
711,"Daughters of the Liberation"
712,"David & Goliath"
713,"David Aubrey"
714,"David Kahn"
715,"David Meister"
716,"David Yurman"
717,"Debbie Brooks"
718,"Debbie Miller"
719,"Debbie Shuchat"
720,Deletta
721,Delias
722,"Della Casa"
1883,"Donald J Pliner"
723,Delman
724,"Denim and Supply"
725,"DENIZEN by Levi's"
726,"Derek Heart"
727,"Derek Heart"
728,"Derek Lam"
729,"Design History"
730,Desigual
731,Desmo
732,"Deux Lux"
733,Development
734,Dexter
735,"Diane Von Furstenberg"
736,Dickies
737,Diesel
738,"Diesel Black Gold"
739,Dior
740,"Dirk Schonberger"
741,Divided
742,DKNY
743,DKNYC
744,"Doki Geki"
745,"Dolce & Gabbana"
746,"Dolce Cabo"
747,"Dolce Vita"
748,Dollhouse
749,"Donald J Plinier"
750,Doncaster
751,"Donna Karan"
752,"Donna Morgan"
753,"Donna Ricco"
754,"Donny Brook"
755,"Dooney & Bourke"
756,"Double Zero"
757,"Dr Martens"
758,Dragonfly
759,"Dream Out Loud"
760,"Dress Barn"
761,"Dress the Population"
762,"Dries Van Noten"
763,Dsquared
764,"Due Per Due"
765,"Duke's Clothing"
766,"Dunderdon Clothing"
767,"DV by Dolce Vita"
768,Earl
769,"Earnest Sewn"
770,Easel
771,"Eastern Mountain"
772,"Easy Spirit"
773,Echo
774,"ECI by Nordstrom"
775,Ecote
776,"Ed Hardy"
777,"Eddie Bauer"
778,Eden
779,"Edme & Esyllte"
780,"Edun Clothing"
781,"Eight Eight Eight"
782,"Eight Sixty"
783,"Eileen Fisher"
784,Elan
785,Elements
786,Elementz
787,"Elena Solano"
788,Elevenses
789,Elgin
790,"Elie Tahari"
791,Eliot
792,"Elisa Nero"
793,"Elite Clothing"
794,"Eliza B"
795,"Eliza J"
796,"Elizabeth & James"
797,"Elizabeth Gillett"
798,"Elizabeth James"
799,"Elizabeth Wayman"
800,"Ella Moss"
801,"ELLE contemporary collection"
802,"Ellen Tracy"
803,"Ellen Tracy"
804,"Ellie Saab"
805,"Elliott Lauren"
806,"Elliott Lucca"
807,Eloise
808,"Elsa Peretti"
809,"Emanuel Ungaro"
810,"Emilio Pucci"
811,Emmelle
812,"Emoporio Armani"
813,"Emporio Armani"
814,ENYCE
815,"Enzo Angiolini"
816,Equipment
817,"Era of Chaos"
818,"Eric Javits"
819,"Erika Cavallini"
820,"Ermenegildo Zegna"
821,Escada
822,Espirit
823,Estam
824,Etam
825,"Etienne Aigner"
826,"Etoile Isabel Marant"
827,Etro
828,ETT
829,Eurythmic
830,"Eva Blu"
831,"Eva Franco"
832,"Eva Franco"
833,"Evan Picone"
834,Evelyn
1884,"Flounce by Nordstrom"
835,Everly
836,Evol
837,Express
838,"Express Design Studio"
839,Ezekiel
22,Faconnable
21,"Faded Glory"
81,"Floumce tbd Nordstrom"
114,"Floumce tbd Nordstrom"
15,"Floumce tbd Nordstrom"
48,"Floumce tbd Nordstrom"
251,Frenzii
250,"Fruit of the Loom"
840,Fahri
841,Falor
53,Fang
842,"Fat Daddy"
1885,"Francesco Biasia"
85,Fate
843,FCUK
844,"Feel Good"
117,Fendi
845,"Field Flower"
149,Fila
16,"Finders Keepers"
846,Finisterre
847,Fink
848,"Fit Flop"
849,"Five Crown"
850,"Flat Black"
851,Fleurette
852,Flirt
853,"Flora Smith"
854,Floreat
855,"Flores & Flores"
856,"flounce tbd by Nordstrom"
857,"Flower Label"
258,Fluxus
858,"Focus 2000"
859,"For the Republic"
257,Forenza
256,"Forever 21"
860,"Forever Twenty-One"
861,Fornarina
862,"Forwear Clothing"
863,Foxley
864,"Francisco Biasia"
865,"Franco Fortini"
866,"Franco Sarto"
867,"Fred Howard"
868,"Fred Perry"
1886,"Giani Bernini"
255,"Free Country"
254,"Free People"
1887,"Gianni Versace"
869,Freesia
253,"French Connection"
252,"Frenchi by Nordstrom"
870,Frenzi
871,"Frock by Tracy Reese"
872,Frye
249,"Full Circle Exchange"
873,Furla
874,"Future Paradise"
875,"G Signature"
876,"G1 Basic Goods"
877,"Gander Mountain"
878,Gant
248,"G Unit"
247,Gap
244,"Gemetic Denim"
235,"Gypsy Junkies"
879,"Gap Body"
880,"Gap Fit"
881,"Gap Outlet"
246,"Garnet Hill"
882,"Gene Meyer"
1888,"Grey Antics"
245,Generra
243,"Gentle Fawn"
883,"Geoffrey Beene"
242,George
884,Geox
885,"Geren Ford"
886,"GianFranco Ferre"
887,"Gianni Bernini"
888,"Gianni Bini"
889,"Gianni ersace"
1889,"Guy Laroche"
890,Gibson
891,"Gigi Clothing"
892,Ginkgo
893,"Giorgio Armani"
894,"Giorgion Armani"
895,Girbaud
896,"Girl Crazy"
897,"Girls From Savoy"
898,"Giuseppe Zanotti"
899,Givenchy
241,GLAM
240,GLO
239,"Gloria Vanderbilt"
900,"Gold Heart"
901,Goyard
1890,"Hannah Andersson"
902,"Grace Elements"
903,Grasshoppers
904,"Great Plains"
905,Grey
906,"Grey ntics"
238,Greylin
907,Gringo
908,GStar
237,Gucci
236,Guess
909,"Guess Jeans"
910,Guinevere
911,"Guiseppe Zanotti"
912,Gusto
913,"Guy Larouche"
914,Gyspy
915,"Gyspy Junkies"
916,"h.i.p. Brand"
917,H&amp;M
918,Habitat
919,Habitual
234,H&M
920,Hache
230,"Harve Benard"
224,"Hillard & Hanson"
222,HIP
221,Holloster
220,"House of Dereon"
921,"Hadley & James"
922,"Hailey London"
923,"Hale Bob"
924,Halogen
233,"Halogen by Nordstrom"
925,Halston
232,"Hang Ten"
926,"Hanky Panky"
1891,"Herve Chapelier"
927,"Hanna & Gracie"
928,"Hannah Anderson"
929,Hanro
231,"Hard Candy"
930,"Hard Tail (Tops only)"
931,"Hare + Hart"
932,Harkum
933,Harolds
934,"Hart Schaffner Marx"
935,"Harve Bernard"
936,Hasbeens
937,"Haute Hippie"
938,Havaianas
939,Havana
940,Hawks
229,"Hayden Harnett"
228,Hazel
227,"Hearts of Palm"
1892,Hananel
941,"Heather B"
942,"Hei Hei"
943,Heidelberg
944,"Heidi Merrick"
945,"Helen Kaminski"
946,"Helen Welsh"
947,"Helene Berman"
948,"Helly Hansen"
226,"Helmut Lang"
949,Hennes
950,"Henri Bendel"
951,"Heritage 1981"
1893,"Icelandic Design"
952,Hermes
953,"Herve Chapeliar"
954,"Herve Leger"
955,"Hi-Line by Madewell"
956,"Hickey Freeman"
225,"High Sierra"
957,"Hilary Radley"
958,Hilfiger
959,"Hillard &amp; Hanson"
960,"Hillard &amp; Hanson"
223,"Hinge by Nordstrom"
961,"Hive & Honey"
962,"HIve & HOney"
963,Hobie
964,Hogan
965,"Holding Horses"
966,Hollister
967,Homer
968,"Horny Toad"
969,Horses
970,"Hot Cotton"
1894,"Isabella Rodriguez"
971,"House of Harlow"
972,"How & Wen"
973,HSANANEL
219,Hudson
974,Hue
218,"Hugo BOSS"
975,Hunter
217,Hurley
976,"Hush Puppies"
977,HWR
978,"I jeans by Buffalo"
979,"I. Madeline"
980,I.NER
981,"Icelandic Desing"
982,Idra
983,"Ike Behar"
984,"Imagine by Vince Camuto"
985,"Impulse Brands"
986,"Impulse Brands"
987,"INC International Concepts"
988,"Industrial Cotton"
989,Inhabit
990,Inhabitat
991,Intermix
992,Invicta
993,Ipolita
994,Ippolita
995,IPSA
996,"Iris & Navy"
997,"Isaac Mizrahi"
998,"Isaac Mizrahi for Target"
999,"Isaac Mizrahi Live"
1000,"Isabel Lu"
1001,"Isabel Marant"
1002,"Isabella Fiore"
1003,"Isabella Rodiguez"
1004,ISDA
1005,"Issac Mizrahi for Target"
1006,"Issey Miyake"
1007,"It! Jeans"
1008,Itsus
1009,"Ivanka Trump"
1010,"Ivy & Blu"
1011,Izod
1012,"J Brand"
1013,"J Mclaughlin"
1014,"J Mendel"
1015,"J Renee"
1016,"J. Peterman"
1017,"Jack by BB Dakota"
1018,"Jack Rogers"
1019,"Jack Spade"
1020,"Jaclyn Smith"
1021,Jaeger
1022,Jag
1023,Jaipur
1024,Jaloux
1025,James
1026,"James Jeans"
1027,"James Perse"
1028,Jamison
1029,"Janna Conner"
1030,Jardin
1031,"Jason Wu"
1032,Jax
1033,"Jay Godfrey"
1034,"JB by Julie Brown"
1035,"JC Penney"
1036,jcp
1037,JCrew
1038,"J.Crew Outlet"
1039,"Jean Paul Gaultier"
1040,"Jeffrey Campbell"
1041,"Jennifer Lopez"
1042,"Jenny han"
1043,"Jessica Simpson"
1044,"Jessica Simpson"
1045,Jet
1046,Jezebel
1047,"JG Hook"
1048,"Jil Sander"
1049,"Jill Anderson"
1050,"Jill Stuart"
1051,"Jimmy Choo"
1052,"JJ Basics"
1053,JJill
1054,"JM Collection"
1055,"Joan & David"
1056,Joes
1057,"Johathan Martin"
1058,"John Fluevog"
1059,"John Galliano"
1060,"John Hardy"
1061,"John Nordstrom"
1062,"John Varvatos"
1063,"Johnny Was"
1064,Joie
1065,"Joie a la Plage"
1066,Jolie
1067,"Jones New York"
1068,"Jones New York Collection"
1069,"Jones New York Signature"
1070,"Jones New York Sport"
1071,Jonovich
1072,Jordache
1073,Jordache
1074,"Jos A Banks"
1075,"Joseph Abboud"
1076,Jovani
1077,Joyrich
1078,Joystick
1079,"Judith Jack"
1895,"Knitted and Knotted"
1080,"Judith Leiber"
1081,"Judith Ripka"
1082,"Juicy Couture"
1896,Kitsch
1083,"Julie Brown"
1084,"Julie Closet"
1085,Jump
1086,"Junk Food"
1087,"Junya Watanabe"
1088,"Just Cavalli"
1089,"Just Cavalli"
1090,Kalliste
1091,Kangol
1092,Kardashian
1093,"Kardashian Collection"
1094,"Karen Kane"
1095,"Karen Millen"
1096,"Karen Nguyen"
1097,"Karen Scott"
1098,"Karl Lagerfeld"
1099,Karla
1100,Karma
1101,Kasper
1102,"Kate Hill"
1103,"Kate Moss for Topshop"
1104,"Kate Spade"
1105,"Kate Spate"
1106,"Kathy Van Zeeland"
1107,"Kay Unger"
1108,Keds
1109,Keen
1110,Keepsake
1111,"Kelsi Dagger"
1112,Kenar
1113,"Kenneth Cole"
1114,"Kenneth Cole New York"
1115,"Kenneth Cole Reaction"
1116,"Kenneth Jay Lane"
1117,Kensie
1118,Khombu
1119,"Kimchi blue"
1120,"Kimchie Blue"
1121,"Kinitted and Knotted"
1122,Kinross
1123,"Kirkland Signature"
1124,Kische
1125,Kistche
1126,Kitson
1127,Kmart
1128,"KNT by Kova & T"
1129,Kohl's
1130,Komarov
1131,Kooba
1132,Kookai
1133,Kookai
1134,"Kork Ease"
1135,"Kork ease"
1136,"KORS by Michael Kors"
1137,Kosmika
1138,"Koto Bolofo"
1139,"Kris Van Ashe"
1140,Krush
1141,Kuhlman
1142,Kulson
1143,Kut
1144,L.A.M.B.
1145,l.e.i.
1146,l.e.i.
1147,L.O.G.G.
1148,"L'autre Chose"
1149,"La Bottega"
1150,"La Canadienne"
1151,"La fenice"
1152,"La Perla"
1153,labworks
1154,labworks
1155,Lacoste
1156,Lacroix
1157,Ladakh
1158,"Lafayette 148"
1159,Landes
1160,Landlubber
1161,"Lands End"
1162,"Lane Bryant"
1163,LanLan
1164,Lanvin
1165,"Lark & Wolff"
1166,LaRok
1167,"Larry Levine"
1168,Latino
1169,Laundry
1170,"Laundry by Design"
1171,"Laundry by Shelli Segal"
1172,"Laura Scott"
1173,"Laura Scott"
1174,Lauren
1175,"Lauren Conrad"
1176,"Lauren Jeans Co."
1177,"Lauren Merkin"
1178,"Lauren Moffatt"
186,"Rachel Roy"
1179,"Laurie b."
1180,"LC Lauren Conrad"
1181,"LC Lauren Conrad"
1182,"Le Petit"
1183,"Le Tigre"
1184,Leifnotes
1185,Leifsdottir
1186,"Lela Rose"
1187,"Les Copains"
1188,"Level 99"
1189,Levis
1190,"Libby Edelman"
1191,Libertalia
1192,Liberte
1193,Libertine
1194,"Life Stride"
1195,Lika
1196,Lil
1197,Lilith
1198,Lilka
1199,"Lilla P."
1200,"Lillian and Rose"
1201,"Lilly Pulitzer"
1202,"Lily White"
1203,Limited
1204,"Line & Dot"
1205,"Linea Pelle"
1206,Lineamaglia
1898,Mandalay
1207,Lithe
1208,"Little Yellow Button"
1209,"Liz Claiborne"
1899,"Many Belles Down"
1210,"Liz Claiborne"
1211,"LL Bean"
1212,"LL Bean"
1213,"LM Collection"
1214,Locolindo
1215,Lodis
1216,"Loeffler Randall"
1217,"London Fog"
1218,"London Sole"
1219,"London Times"
1220,Longchamp
1221,Lonsdale
1222,Loomstate
1223,"Lord & Taylor"
1224,"Loro Piana"
1225,"Louis Feraud"
1226,"Louis Vuitton"
1227,"Love Amour"
1228,"Love Japan"
1229,"Love Moschino"
1230,"Lovers + Friends"
1231,"Luca Luca"
1232,Lucca
1233,"Lucca Couture"
1234,Lucchese
1235,Luce
1236,"Lucky Brand"
1237,Lucy
1238,Luella
1239,"Lululemon (Tops only)"
1240,Lush
1241,Lux
1242,"M Missoni"
1243,"M. Missoni"
1244,"Mac & Jac"
1245,Macy's
1246,Madewell
1247,"Madison Marcus"
1248,Madonna
1249,Maeve
1250,Magaschoni
1251,"Maggy Boutique"
1252,"Maggy London"
1253,"Maison Martin Margiela"
1254,Majestic
1255,Majorica
1256,Malo
1257,Manadalay
1258,MANGO
1259,"Manolo Blahnik"
1260,"Many Bells Down"
1261,Maple
1262,Marbella
1263,"Marc Bouwer"
1264,"Marc by Marc Jacobs"
1265,"Marc Fisher"
1266,"Marc Jacobs"
1267,"Marc New York"
1268,"Margaret Godfrey"
1269,"Margaret Maddox"
1270,Marika
1271,"Marika (Tops only)"
1272,Marimekko
1273,Marimekko
1274,"Marina Luna"
1275,Marineblu
1276,"Mark Mason"
1277,"Marks & Spencer"
1278,Marlowe
1279,Marni
1280,"Martin + Osa"
1281,"Martin Margiela"
1282,Marvel
1283,"Mary Quant"
1284,Mason
1285,"Massimo Dutti"
1286,"Material Girl"
1287,Matiko
1288,Matisse
1289,Matix
1290,"Matt and Nat"
1291,"Matthew Williamson"
1292,"Matty M"
1293,"Max and Cleo"
1294,"Max Azria Collection"
1295,"Max Mara"
1296,"Max Studio"
1297,"Maxx New York"
1298,Mayle
1299,McQueen
1300,"Me and You"
1301,"Me Too"
1302,"Me Too"
1303,"Mea Shadow"
1304,Mephisto
1305,Mermaid
1306,Merona
1307,Merona
1308,Merrell
1309,Metahor
1310,Metaphor
1311,"Metro Style"
1312,Metropolitian
1313,Meucci
1314,Mexx
1315,"Michael Kors"
1316,"MICHAEL Michael Kors"
1317,"Michael Simon"
1318,"Michael Stars"
1319,Miche
1320,"Michele Stuart"
1321,"MiH Jeans"
1322,Miilla
1323,"Miley Cyrus & Max Azria"
1324,Milly
1325,"Mimi Chica"
1326,Mine
1327,MINKPINK
1328,Minnetonka
1329,Mint
1330,"Miss Bisou"
1331,"Miss Me"
1332,"Miss Sixty"
1333,"Miss Tina"
1334,"Miss Tina by Tina Knowles"
1335,Missoni
1336,"Miu Miu"
1337,"mng by MANGO"
1338,"MNG Suit"
1339,"Moa Moa"
1340,Moda
1341,"Moda International"
1342,Moffatt
1343,Mondani
1344,Monob
1345,Monrow
1346,"Moods of Norway"
1347,"Moosties Tootsies"
1348,Moschino
1349,"Moschino Cheap and Cheap"
1350,Mossimo
1351,Mossimo
1352,Moth
1353,"Mother Jeans"
1354,Motto
1355,Moulinette
1356,"Mountain Hardware"
1357,Mudd
1358,Mulberry
1900,"Palazzo Bella"
1359,Mulberry
1360,"MZ Wallace"
1361,"Naf Naf"
215,"Narciso Rodriguez for DesigNation"
213,"New York & Co"
211,"Nincole Miller"
206,"Not Your Daughters Jeans"
216,"Nanette Lepore"
1362,"Narciso Rodrigez for DesigNation"
1363,"Narciso Rodriguez"
1364,"Nathalie Lete Paris"
1365,Natori
1366,Nautica
214,"Neiman Marcus"
1367,"New Balance"
1368,"New Frontier"
1369,"New York &amp; Co"
212,"Newport News"
1370,NFL
1371,"Nic + Mo"
1372,"Nic + Zoe"
1373,"Nicholas Kirkwood"
1374,"Nick & Nora"
1375,Nickels
1376,Nicole
1377,"Nicole by Nicole Miller"
1378,"Nicole Miller"
1379,"Nike (Tops only)"
1380,Nina
1381,"Nina Ricci"
1382,"Nine & Co"
210,"Nine West"
1383,Ninety
1901,"Philipp Plein"
1384,"Nipon Boutique"
209,"No Boundaries"
1385,"Nom de Plume"
1386,Noosh
208,Nordstrom
207,"North Face"
1387,Nuala
1388,"Number Nine"
1389,NYDJ
1390,O'Neill
1391,Oakley
204,"Olive & Oak"
1392,"Ocean Pacific"
1393,"Odd Molly"
1394,Odille
205,"Old Navy"
1395,"Oleg Cassini"
1396,"Olive &amp; Oak"
1397,"One Girl Who"
1398,one.september
1399,"Only Hearts"
1902,Poetry
1400,"Orla Kiely"
1401,Ortigni
1402,Orvis
203,"Oscar de la Renta"
1403,"Pac Sun"
1404,Paige
1405,Palladium
1406,"Pallazzo Belle"
1407,"Paloma Picasso"
1408,"Pamela McCoy"
1409,Panda
1410,Pandora
1411,"Paper Denim & Cloth"
1412,"Paris Hilton"
200,Parker
1413,"Part Two"
1903,Priorities
199,Passport
1414,"Past Loves Designers"
198,Patagonia
1415,"Patrizia Pepe"
1416,"Patterson J. Kincaid"
1417,"Paul and Joe Sister"
1418,"Paul Frank"
1419,"Paul Smith"
1420,Pelina
1421,"Pelle Studio"
1422,Pendelton
1423,Penquin
1424,"People of Labryinth"
195,Peppermint
1425,"Perry Ellis"
202,"Paige Denim"
201,"Paperdenim & Cloth"
197,"Patterson J.Kincaid"
196,Penguin
1426,Persol
1427,"Peter Nygard"
1428,"Peter Som"
1429,"Petro Zilla"
1430,"Petticoat Alley"
194,"Petticoat Alley by Macy's"
1431,"Phillip Lim"
1432,"Phillip Plein"
1433,Philosophy
1434,"Phoebe Couture"
1435,"Piazza Sempione"
1436,"Pierre Balmain"
1437,"Pierre Cardin"
1438,Piko
1439,Pilcro
1440,Pink
1441,"Pink Lotus (Tops only)"
1442,"Pink Martini"
192,"Pink Stitch"
1443,Pinkerton
1444,Pinko
1445,"Pins and Needles"
1446,"Piper Gore"
191,"Plastic Island"
1447,"Plein Sud"
1448,Plenty
1449,"Plenty by Tracy Reese"
1450,Poerty
1451,Poleci
1452,Polo
190,"Polo Jeans Co"
1453,"Polo Jeans Co."
1454,"Pookie & Sebastian"
1455,Porridge
1456,Porridge
1457,"Ports 1961"
1458,Postcard
1459,"Pour la Victorie"
1460,"Pow Wow"
1461,Prada
1462,Preloved
1463,"Preswick & Moore"
189,Pria
1464,Princpessa
1465,Pringle
1466,Prioritites
1467,Privo
1468,"Proenza Schouler"
1469,Puma
1470,"Pure & Simple"
188,"Pure Jill"
1471,Quicksilver
187,"Quacker Factory"
1472,Quotation
1473,"Rachel pally"
1474,"Rachel Rachel Roy"
1475,"Rachel Reinhardt"
1476,"Rachel Zoe"
1477,"Rafso Collection"
1478,"Rag & Bone"
1479,"Rag & Bone Jean"
1480,"Rag & Bone Knit"
1481,Ralph
1482,"Ralph Lauren"
1483,"Ralph Lauren Black Label"
1484,"Ralph Lauren Blue Label"
1485,"Ralph lauren Purple Label"
1486,"Ralph Lauren Sport"
1487,Rangoni
1488,Rapscallion
1489,"Ray Ban"
1490,"Raymond Weil"
1491,"RD International Style"
1492,"Rebecca Beeson"
1493,"Rebecca Minkoff"
1494,"Rebecca Taylor"
1495,"Rebecca thompson"
1496,Reebok
1497,"Reed Krakoff"
1498,"Reed Thompson"
1499,Reference
1500,Reformed
1501,"Regency Cashmere"
1502,REI
1503,Reiss
1504,Relativity
1505,Requirements
1506,"Retro Fit"
1507,"Ric Rac"
1508,"Ric Rac"
1509,Rich
1510,"Rich & Skinny"
1511,"Richard Tyler"
1512,"Rick Owens"
1513,"Ricks Owens"
1514,"Riders by Lee"
184,"Rachel Lauren"
181,"Rebecaa Taylor"
1515,Rieker
1516,Rimini
1517,"Robert Graham"
1518,"Robert Rodriguez"
1519,"Roberto Cavalli"
1520,"Robin Howe"
1521,"Rock & Republic"
1522,"Rock Candy"
1523,"Rock Revival"
1524,Rockport
1525,Rodarte
1526,Rogan
1527,"Roger Vivier"
1528,"Roland Mouret"
1529,"Romeo & Juliet Couture"
1530,"Ron Herman"
1531,"Route 66"
1532,Roxy
1533,"Rozae Nichols"
1534,"Rubbish by Nordstrom"
1535,Ruehl
1536,Rvca
1537,"Sag Harbor"
1538,"Sag Harbor"
1539,Sakroots
1540,"Saks Fifth Avenue"
1541,"Salvatore Ferragamo"
1542,"Sam & Lavi"
1543,"Sam Edelman"
1544,"Samuel Dong"
1545,Sanctuary
1546,"Sanctuary Clothing"
1547,Sanuk
1548,"Sari Gueron"
1549,Satore
1550,Saucony
1551,"Scotch & Soda"
1552,Se7en
1553,"Sean John"
1554,Searle
1555,Sears
1556,"See by Chloe"
1557,Seiko
1904,"Stella McCartney for H&M"
1558,"Sequins Hearts"
1559,"Sergio Rossi"
1560,Sharagano
1561,Shargano
1905,"Steven Stolman"
1562,Shiekh
1563,Shiraleah
1564,Shoshanna
1565,"Siena Studio"
1566,"Sigerson Morrison"
1567,"Signature by Levis Strauss & Co."
1568,"Sigrid Olsen"
1569,"Silence & Noise"
1570,"Simply Vera by Vera Bradley"
1571,"Simply Vera Vera Wang"
1572,Single
1573,Sisley
1574,"Sita Murt"
1575,Sitwell
1576,Sitwell
1577,Skagen
1578,"Skinny by Jessica Elliott"
1579,Sky
1580,"Sleeping on Snow"
1581,Slicks
1906,Swarovski
1582,Smiths
1583,Snak
1584,"So Low"
1585,Soffet
1586,"Sofia by Sofia Vergara"
1587,"Soft Clothing"
1588,"Soft Joie"
1589,"Soft Style"
1590,"Soft Surroundings"
1591,"Soleil Blue"
1592,Solstice
1593,"Somedays Lovin"
1594,"Something Else by Natalie Wood"
1595,"Sondra Roberts"
1596,"Sonia Rykiel"
1597,Sonoma
1598,"Sonoma life + style"
1599,"Sophi Max"
1600,Soprano
1601,Sorel
1602,"South Pole"
1603,"Sparkle & Fade"
1604,Sparrow
1605,Speechless
1606,Sperry
1607,Spiegel
1608,Splendid
1609,"Sport Max"
1610,Sporto
1611,Spyder
1612,"St. John"
1613,"St. John Sport"
1614,"St. John's Bay"
1615,"St. John's Bay"
1616,"Stacy Adams"
1617,Standard
1618,"Standard Issue"
1619,Stapleford
1620,"Stella McCartney"
1621,"Stella McCartney for H&amp;M"
1622,Steps
1623,Stetson
1624,"Steve Madden"
1625,"Steve Stolman"
1626,"Steven Allen"
1627,Structure
1628,"Stuart Weitzman"
1629,"Stubbs and Wooten"
1630,"Studio by Max Studio"
1631,"Studio M"
1632,"Style & Co"
1633,"Sue Wong"
1634,Sundance
1635,Sunday/Saturday
1636,"Sunny Leigh"
1637,"Super Lucky Cat"
1638,Superga
1639,"Susan Lawrence"
1640,"Susanna Monaco"
1641,"Susie Rose"
1642,"Susie Rose"
1643,"Susina by Nordstrom"
1644,"Sutton Studio"
1645,"Suzi Chin"
1646,Swarkowski
1647,"Sweet Lily"
1648,"Sweet Pea"
1649,"Swiss Army"
1650,SYLK
1651,Tahari
1652,"T.L.H by Hype
T.L.H by Hype
T.L.H by Hype"
1653,Tabitha
1654,Tadashi
1655,"Tadashi Shoji"
1656,"Tadashi Shoji"
1657,"Taella Peploe"
1907,"Tyler Rodan"
1658,"Tag Heuer"
1659,"Tahari by Arthur Levine"
1660,"Tahari by Elie Tahari"
1661,Talbots
1662,"Tally Ho"
1663,"Tan Tan"
1664,Tapemeasure
1665,"Tara Jarmon"
1666,Target
1667,Tart
1668,Taylor
1669,"Te Casan"
1670,"Ted Baker"
1671,Temperley
1672,"Teri Jon"
1673,Testament
1674,Teva
1675,Thais
1676,Thakoon
1677,"Thakoon Addition"
1678,Theory
1679,THML
1680,"Thom Browne"
1681,"Thomas Snes"
1682,"Three Dots"
1683,Tibi
1684,Tiffany
1685,Tiffany
1686,Tildon
1687,Timberland
1908,"Victoria's Secret"
1688,"Tinely Raod"
1689,"To the Max"
1690,Tocca
1691,"Todd Oldman"
1692,Tods
1693,"Toi et Moi"
1694,"Tom Ford"
1695,"Tommy Bahama"
1696,"Tommy Hilfiger"
1909,"Vivienne Tam"
1697,Toms
1910,"Vivienne Westwood"
1698,"Tony Lama"
1699,Topman
1700,Topshop
1701,Torn
1702,Torrid
1703,"Tory Burch"
1704,"Tracey Feith"
1705,"Tracy Reese"
1706,Treesje
1707,Tretorn
1708,"TRF by Zara"
1709,"Trina Turk"
1710,"Triple Five Soul"
1711,Trouve
1712,"True Religion"
1713,"Truly Madly Deeply"
1714,"Truth and Pride"
1715,TSE
1716,Tuleh
1717,Tulle
1718,Tumi
1719,"Tuscany Shoes"
1720,"Twelfth St by Cynthia Vincent"
1721,"Twelve by Twelve"
1722,"Twiggy London"
1723,"Two Lips"
1724,"Tyler Boe"
1725,"Tyler Roldan"
1726,"Type Z"
1727,Ugg
1728,"UK Style by French Connection"
1729,"Under Armour (Tops only)"
1730,"Under the Canopy"
1731,under.ligne
1732,Ungaro
1733,Uniglo
1734,Unisa
1911,"Your Feet Look Gorgeous"
1735,"United Bamboo"
1736,"United Colors of Benetton"
1737,Unlisted
1738,UO
1739,"Urban Outfitters"
1740,"Urban Renewal"
1741,"US Polo Assn."
1742,"US Polo Assn."
1743,Valentino
1744,"Valerie Stevens"
1745,"Van Eli"
1746,"Vanessa Virginia"
1747,Vans
1748,Velvet
1749,Venezia
1750,"Vera Bradley"
1751,"Vera Wang"
1752,Versace
1753,Versus
1754,Vertigo
1755,"Via Spiga"
1756,"Victor Victoria"
1757,"Victoria Secret"
1758,Viereck
1759,Vigoss
1760,Vince
1761,"Vince Camuto"
1762,"Vince Camuto"
1763,"Vintage Havana"
1764,"Vintage Heirloom"
1765,"Vintage Red"
1766,Viola
1767,"Vivenne Tam"
1768,"Vivenne Westwood"
1769,Vogue
1770,Volcum
1771,"Von Dutch"
1772,Wal-Mart
1773,"Wallace by Madewell"
1774,Walter
1775,"Walter Baker"
1776,"We the Free by Free People"
1777,Wenger
1778,"Weston Wear"
1779,"Wet Seal"
1780,"What Comes Around Goes Around"
1781,"White + Warren"
1782,"White House Black Market"
1783,"White Stag"
1784,"Willi Smith"
1785,"William Rast"
1786,"Willow & Clay"
1787,"Wilsons Leatther"
1788,Wolford
1789,Wonder
1790,"Wooden Ships"
1791,Woolrich
1792,Worth
1793,Worthington
1794,Wren
1795,Wyatt
1796,"X2 Denim"
1797,Xhilaration
1798,Xscape
1799,Xtaren
1800,Ya
1801,Yanuk
1802,YaYa
1803,"Yohji Yamamoto"
1804,"Young Fabulous & Broke"
1805,"Your Feet Look Gorgegous"
1806,"Yumi Kim"
1807,"Yves Saint Laurent"
1808,"Zac Posen"
1809,Zara
1810,"Zara Basic"
1811,Zegna
1812,"Zegna sport"
1813,"Zella (Tops only)"
1814,Zoa
